Año,Total,Código Provincia,ID_Grupo_Edad,Id_Nacional_Extranjero,ID_Sexo
2021,27304,02,1,1,1
2020,27979,02,1,1,1
2019,28513,02,1,1,1
2021,25547,02,1,1,2
2020,25953,02,1,1,2
2019,26515,02,1,1,2
2021,2452,02,1,2,1
2020,2445,02,1,2,1
2019,2278,02,1,2,1
2021,2248,02,1,2,2
2020,2191,02,1,2,2
2019,2157,02,1,2,2
2021,118339,02,2,1,1
2020,118606,02,2,1,1
2019,119164,02,2,1,1
2021,114163,02,2,1,2
2020,114793,02,2,1,2
2019,115270,02,2,1,2
2021,11655,02,2,2,1
2020,11488,02,2,2,1
2019,10695,02,2,2,1
2021,9637,02,2,2,2
2020,9436,02,2,2,2
2019,8781,02,2,2,2
2021,33108,02,3,1,1
2020,33242,02,3,1,1
2019,32971,02,3,1,1
2021,41204,02,3,1,2
2020,41373,02,3,1,2
2019,41148,02,3,1,2
2021,347,02,3,2,1
2020,321,02,3,2,1
2019,290,02,3,2,1
2021,460,02,3,2,2
2020,443,02,3,2,2
2019,385,02,3,2,2
2021,121579,03,1,1,1
2020,123879,03,1,1,1
2019,125807,03,1,1,1
2021,114198,03,1,1,2
2020,116230,03,1,1,2
2019,118118,03,1,1,2
2021,25690,03,1,2,1
2020,26167,03,1,2,1
2019,24426,03,1,2,1
2021,24468,03,1,2,2
2020,24953,03,1,2,2
2019,23344,03,1,2,2
2021,490091,03,2,1,1
2020,488873,03,2,1,1
2019,488464,03,2,1,1
2021,480834,03,2,1,2
2020,480020,03,2,1,2
2019,480081,03,2,1,2
2021,123928,03,2,2,1
2020,124773,03,2,2,1
2019,116977,03,2,2,1
2021,122417,03,2,2,2
2020,121991,03,2,2,2
2019,114914,03,2,2,2
2021,132094,03,3,1,1
2020,129671,03,3,1,1
2019,127087,03,3,1,1
2021,169543,03,3,1,2
2020,166597,03,3,1,2
2019,163672,03,3,1,2
2021,38636,03,3,2,1
2020,38493,03,3,2,1
2019,38154,03,3,2,1
2021,38284,03,3,2,2
2020,38241,03,3,2,2
2019,37639,03,3,2,2
2021,52239,04,1,1,1
2020,52824,04,1,1,1
2019,53087,04,1,1,1
2021,49554,04,1,1,2
2020,50175,04,1,1,2
2019,50402,04,1,1,2
2021,14310,04,1,2,1
2020,14105,04,1,2,1
2019,13280,04,1,2,1
2021,13471,04,1,2,2
2020,13379,04,1,2,2
2019,12602,04,1,2,2
2021,190108,04,2,1,1
2020,189607,04,2,1,1
2019,189308,04,2,1,1
2021,186075,04,2,1,2
2020,185285,04,2,1,2
2019,184805,04,2,1,2
2021,66062,04,2,2,1
2020,65918,04,2,2,1
2019,62493,04,2,2,1
2021,48660,04,2,2,2
2020,47971,04,2,2,2
2019,45278,04,2,2,2
2021,43214,04,3,1,1
2020,42233,04,3,1,1
2019,41168,04,3,1,1
2021,54245,04,3,1,2
2020,53226,04,3,1,2
2019,52142,04,3,1,2
2021,7203,04,3,2,1
2020,6871,04,3,2,1
2019,6365,04,3,2,1
2021,6651,04,3,2,2
2020,6351,04,3,2,2
2019,5890,04,3,2,2
2021,23408,01,1,1,1
2020,23695,01,1,1,1
2019,23942,01,1,1,1
2021,21947,01,1,1,2
2020,22182,01,1,1,2
2019,22401,01,1,1,2
2021,3069,01,1,2,1
2020,3252,01,1,2,1
2019,3121,01,1,2,1
2021,2976,01,1,2,2
2020,3097,01,1,2,2
2019,2934,01,1,2,2
2021,93014,01,2,1,1
2020,93338,01,2,1,1
2019,93644,01,2,1,1
2021,92248,01,2,1,2
2020,92747,01,2,1,2
2019,93074,01,2,1,2
2021,13012,01,2,2,1
2020,12870,01,2,2,1
2019,12095,01,2,2,1
2021,12418,01,2,2,2
2020,12283,01,2,2,2
2019,11437,01,2,2,2
2021,31393,01,3,1,1
2020,31035,01,3,1,1
2019,30425,01,3,1,1
2021,39187,01,3,1,2
2020,38527,01,3,1,2
2019,37728,01,3,1,2
2021,356,01,3,2,1
2020,334,01,3,2,1
2019,272,01,3,2,1
2021,598,01,3,2,2
2020,580,01,3,2,2
2019,476,01,3,2,2
2021,56108,33,1,1,1
2020,57298,33,1,1,1
2019,58440,33,1,1,1
2021,52991,33,1,1,2
2020,54177,33,1,1,2
2019,55289,33,1,1,2
2021,3079,33,1,2,1
2020,3158,33,1,2,1
2019,2871,33,1,2,1
2021,2934,33,1,2,2
2020,2942,33,1,2,2
2019,2737,33,1,2,2
2021,293967,33,2,1,1
2020,297245,33,2,1,1
2019,301546,33,2,1,1
2021,296923,33,2,1,2
2020,300516,33,2,1,2
2019,304914,33,2,1,2
2021,16886,33,2,2,1
2020,16903,33,2,2,1
2019,15609,33,2,2,1
2021,20065,33,2,2,2
2020,19978,33,2,2,2
2019,18401,33,2,2,2
2021,111584,33,3,1,1
2020,110476,33,3,1,1
2019,108815,33,3,1,1
2021,154774,33,3,1,2
2020,153751,33,3,1,2
2019,152170,33,3,1,2
2021,1041,33,3,2,1
2020,986,33,3,2,1
2019,856,33,3,2,1
2021,1440,33,3,2,2
2020,1354,33,3,2,2
2019,1152,33,3,2,2
2021,9279,05,1,1,1
2020,9370,05,1,1,1
2019,9387,05,1,1,1
2021,8638,05,1,1,2
2020,8669,05,1,1,2
2019,8753,05,1,1,2
2021,1132,05,1,2,1
2020,1117,05,1,2,1
2019,988,05,1,2,1
2021,1047,05,1,2,2
2020,1033,05,1,2,2
2019,914,05,1,2,2
2021,46251,05,2,1,1
2020,45880,05,2,1,1
2019,46432,05,2,1,1
2021,42923,05,2,1,2
2020,42511,05,2,1,2
2019,42915,05,2,1,2
2021,3792,05,2,2,1
2020,3807,05,2,2,1
2019,3423,05,2,2,1
2021,4142,05,2,2,2
2020,4145,05,2,2,2
2019,3798,05,2,2,2
2021,18938,05,3,1,1
2020,18774,05,3,1,1
2019,18700,05,3,1,1
2021,21872,05,3,1,2
2020,21988,05,3,1,2
2019,22004,05,3,1,2
2021,170,05,3,2,1
2020,161,05,3,2,1
2019,141,05,3,2,1
2021,237,05,3,2,2
2020,209,05,3,2,2
2019,185,05,3,2,2
2021,49620,06,1,1,1
2020,50481,06,1,1,1
2019,51393,06,1,1,1
2021,46957,06,1,1,2
2020,47847,06,1,1,2
2019,48708,06,1,1,2
2021,1803,06,1,2,1
2020,1779,06,1,2,1
2019,1655,06,1,2,1
2021,1666,06,1,2,2
2020,1662,06,1,2,2
2019,1573,06,1,2,2
2021,213216,06,2,1,1
2020,214177,06,2,1,1
2019,215536,06,2,1,1
2021,206848,06,2,1,2
2020,207509,06,2,1,2
2019,208499,06,2,1,2
2021,7776,06,2,2,1
2020,7765,06,2,2,1
2019,7218,06,2,2,1
2021,9086,06,2,2,2
2020,8925,06,2,2,2
2019,8211,06,2,2,2
2021,58162,06,3,1,1
2020,57581,06,3,1,1
2019,56934,06,3,1,1
2021,73857,06,3,1,2
2020,73512,06,3,1,2
2019,73030,06,3,1,2
2021,448,06,3,2,1
2020,421,06,3,2,1
2019,376,06,3,2,1
2021,504,06,3,2,2
2020,478,06,3,2,2
2019,426,06,3,2,2
2021,77855,07,1,1,1
2020,79066,07,1,1,1
2019,79945,07,1,1,1
2021,73591,07,1,1,2
2020,74641,07,1,1,2
2019,75355,07,1,1,2
2021,16174,07,1,2,1
2020,16175,07,1,2,1
2019,15163,07,1,2,1
2021,15394,07,1,2,2
2020,15382,07,1,2,2
2019,14560,07,1,2,2
2021,319697,07,2,1,1
2020,319755,07,2,1,1
2019,317084,07,2,1,1
2021,310502,07,2,1,2
2020,310582,07,2,1,2
2019,308383,07,2,1,2
2021,87712,07,2,2,1
2020,87781,07,2,2,1
2019,81176,07,2,2,1
2021,84721,07,2,2,2
2020,84937,07,2,2,2
2019,79150,07,2,2,2
2021,75923,07,3,1,1
2020,74297,07,3,1,1
2019,72522,07,3,1,1
2021,95143,07,3,1,2
2020,93167,07,3,1,2
2019,91184,07,3,1,2
2021,7492,07,3,2,1
2020,7224,07,3,2,1
2019,6867,07,3,2,1
2021,8804,07,3,2,2
2020,8536,07,3,2,2
2019,8071,07,3,2,2
2021,390709,08,1,1,1
2020,400042,08,1,1,1
2019,406857,08,1,1,1
2021,368763,08,1,1,2
2020,377523,08,1,1,2
2019,384000,08,1,1,2
2021,66671,08,1,2,1
2020,68576,08,1,2,1
2019,63456,08,1,2,1
2021,62530,08,1,2,2
2020,64219,08,1,2,2
2019,59207,08,1,2,2
2021,1506091,08,2,1,1
2020,1506464,08,2,1,1
2019,1506278,08,2,1,1
2021,1518234,08,2,1,2
2020,1519981,08,2,1,2
2019,1522017,08,2,1,2
2021,366417,08,2,2,1
2020,369365,08,2,2,1
2019,334255,08,2,2,1
2021,344414,08,2,2,2
2020,349893,08,2,2,2
2019,319265,08,2,2,2
2021,447928,08,3,1,1
2020,446745,08,3,1,1
2019,440376,08,3,1,1
2021,611247,08,3,1,2
2020,609089,08,3,1,2
2019,601342,08,3,1,2
2021,13434,08,3,2,1
2020,13124,08,3,2,1
2019,11467,08,3,2,1
2021,18292,08,3,2,2
2020,18381,08,3,2,2
2019,16059,08,3,2,2
2021,73949,48,1,1,1
2020,75820,48,1,1,1
2019,76997,48,1,1,1
2021,69988,48,1,1,2
2020,71793,48,1,1,2
2019,73069,48,1,1,2
2021,6874,48,1,2,1
2020,6671,48,1,2,1
2019,5979,48,1,2,1
2021,6277,48,1,2,2
2020,6109,48,1,2,2
2019,5643,48,1,2,2
2021,326914,48,2,1,1
2020,329974,48,2,1,1
2019,331539,48,2,1,1
2021,327857,48,2,1,2
2020,330830,48,2,1,2
2019,332647,48,2,1,2
2021,36959,48,2,2,1
2020,35887,48,2,2,1
2019,31962,48,2,2,1
2021,37062,48,2,2,2
2020,36621,48,2,2,2
2019,32635,48,2,2,2
2021,111756,48,3,1,1
2020,110539,48,3,1,1
2019,108966,48,3,1,1
2021,154263,48,3,1,2
2020,152936,48,3,1,2
2019,151255,48,3,1,2
2021,964,48,3,2,1
2020,907,48,3,2,1
2019,769,48,3,2,1
2021,1471,48,3,2,2
2020,1356,48,3,2,2
2019,1190,48,3,2,2
2021,22330,09,1,1,1
2020,22755,09,1,1,1
2019,22956,09,1,1,1
2021,21016,09,1,1,2
2020,21490,09,1,1,2
2019,21713,09,1,1,2
2021,2379,09,1,2,1
2020,2408,09,1,2,1
2019,2206,09,1,2,1
2021,2321,09,1,2,2
2020,2320,09,1,2,2
2019,2169,09,1,2,2
2021,102439,09,2,1,1
2020,103064,09,2,1,1
2019,104176,09,2,1,1
2021,96313,09,2,1,2
2020,96836,09,2,1,2
2019,97702,09,2,1,2
2021,11673,09,2,2,1
2020,11427,09,2,2,1
2019,10599,09,2,2,1
2021,11521,09,2,2,2
2020,11561,09,2,2,2
2019,10725,09,2,2,2
2021,38651,09,3,1,1
2020,38514,09,3,1,1
2019,37935,09,3,1,1
2021,46428,09,3,1,2
2020,46365,09,3,1,2
2019,46006,09,3,1,2
2021,448,09,3,2,1
2020,410,09,3,2,1
2019,358,09,3,2,1
2021,536,09,3,2,2
2020,500,09,3,2,2
2019,413,09,3,2,2
2021,24590,10,1,1,1
2020,25044,10,1,1,1
2019,25562,10,1,1,1
2021,23307,10,1,1,2
2020,23815,10,1,1,2
2019,24269,10,1,1,2
2021,1086,10,1,2,1
2020,1103,10,1,2,1
2019,1073,10,1,2,1
2021,1049,10,1,2,2
2020,1043,10,1,2,2
2019,1024,10,1,2,2
2021,121601,10,2,1,1
2020,122407,10,2,1,1
2019,123865,10,2,1,1
2021,116016,10,2,1,2
2020,116563,10,2,1,2
2019,117620,10,2,1,2
2021,5202,10,2,2,1
2020,5280,10,2,2,1
2019,5182,10,2,2,1
2021,5343,10,2,2,2
2020,5341,10,2,2,2
2019,5104,10,2,2,2
2021,39996,10,3,1,1
2020,39810,10,3,1,1
2019,39306,10,3,1,1
2021,50445,10,3,1,2
2020,50574,10,3,1,2
2019,50365,10,3,1,2
2021,476,10,3,2,1
2020,440,10,3,2,1
2019,400,10,3,2,1
2021,447,10,3,2,2
2020,430,10,3,2,2
2019,381,10,3,2,2
2021,101111,11,1,1,1
2020,103829,11,1,1,1
2019,105764,11,1,1,1
2021,95484,11,1,1,2
2020,97682,11,1,1,2
2019,99605,11,1,1,2
2021,3512,11,1,2,1
2020,3636,11,1,2,1
2019,3400,11,1,2,1
2021,3522,11,1,2,2
2020,3580,11,1,2,2
2019,3282,11,1,2,2
2021,395620,11,2,1,1
2020,395194,11,2,1,1
2019,395813,11,2,1,1
2021,393119,11,2,1,2
2020,392676,11,2,1,2
2019,393181,11,2,1,2
2021,19330,11,2,2,1
2020,18810,11,2,2,1
2019,17121,11,2,2,1
2021,19772,11,2,2,2
2020,19250,11,2,2,2
2019,17692,11,2,2,2
2021,92185,11,3,1,1
2020,89931,11,3,1,1
2019,87717,11,3,1,1
2021,117832,11,3,1,2
2020,115267,11,3,1,2
2019,112750,11,3,1,2
2021,2326,11,3,2,1
2020,2161,11,3,2,1
2019,1976,11,3,2,1
2021,2147,11,3,2,2
2020,2033,11,3,2,2
2019,1854,11,3,2,2
2021,38393,39,1,1,1
2020,39084,39,1,1,1
2019,39805,39,1,1,1
2021,36456,39,1,1,2
2020,37283,39,1,1,2
2019,38023,39,1,1,2
2021,2579,39,1,2,1
2020,2615,39,1,2,1
2019,2418,39,1,2,1
2021,2538,39,1,2,2
2020,2539,39,1,2,2
2019,2304,39,1,2,2
2021,171958,39,2,1,1
2020,171882,39,2,1,1
2019,172824,39,2,1,1
2021,171348,39,2,1,2
2020,171035,39,2,1,2
2019,172213,39,2,1,2
2021,13909,39,2,2,1
2020,13819,39,2,2,1
2019,12722,39,2,2,1
2021,15310,39,2,2,2
2020,15223,39,2,2,2
2019,13869,39,2,2,2
2021,55806,39,3,1,1
2020,54491,39,3,1,1
2019,53461,39,3,1,1
2021,74379,39,3,1,2
2020,73234,39,3,1,2
2019,71969,39,3,1,2
2021,733,39,3,2,1
2020,668,39,3,2,1
2019,571,39,3,2,1
2021,1098,39,3,2,2
2020,1032,39,3,2,2
2019,899,39,3,2,2
2021,38979,12,1,1,1
2020,39596,12,1,1,1
2019,40054,12,1,1,1
2021,36743,12,1,1,2
2020,37281,12,1,1,2
2019,37751,12,1,1,2
2021,8049,12,1,2,1
2020,8213,12,1,2,1
2019,7958,12,1,2,1
2021,7261,12,1,2,2
2020,7416,12,1,2,2
2019,7190,12,1,2,2
2021,159523,12,2,1,1
2020,158997,12,2,1,1
2019,158876,12,2,1,1
2021,153080,12,2,1,2
2020,152661,12,2,1,2
2019,152625,12,2,1,2
2021,33553,12,2,2,1
2020,33587,12,2,2,1
2019,31749,12,2,2,1
2021,34620,12,2,2,2
2020,34527,12,2,2,2
2019,32546,12,2,2,2
2021,48716,12,3,1,1
2020,48030,12,3,1,1
2019,47314,12,3,1,1
2021,60878,12,3,1,2
2020,60033,12,3,1,2
2019,59231,12,3,1,2
2021,2595,12,3,2,1
2020,2376,12,3,2,1
2019,2126,12,3,2,1
2021,3067,12,3,2,2
2020,2873,12,3,2,2
2019,2542,12,3,2,2
2021,34558,13,1,1,1
2020,35290,13,1,1,1
2019,35791,13,1,1,1
2021,32927,13,1,1,2
2020,33501,13,1,1,2
2019,34087,13,1,1,2
2021,2796,13,1,2,1
2020,2868,13,1,2,1
2019,2772,13,1,2,1
2021,2641,13,1,2,2
2020,2668,13,1,2,2
2019,2608,13,1,2,2
2021,150339,13,2,1,1
2020,150541,13,2,1,1
2019,151651,13,2,1,1
2021,144496,13,2,1,2
2020,144851,13,2,1,2
2019,146008,13,2,1,2
2021,12755,13,2,2,1
2020,12612,13,2,2,1
2019,11486,13,2,2,1
2021,12061,13,2,2,2
2020,12018,13,2,2,2
2019,11253,13,2,2,2
2021,42929,13,3,1,1
2020,43184,13,3,1,1
2019,42885,13,3,1,1
2021,56147,13,3,1,2
2020,56655,13,3,1,2
2019,56492,13,3,1,2
2021,386,13,3,2,1
2020,347,13,3,2,1
2019,292,13,3,2,1
2021,556,13,3,2,2
2020,510,13,3,2,2
2019,436,13,3,2,2
2021,59029,14,1,1,1
2020,60452,14,1,1,1
2019,61585,14,1,1,1
2021,55624,14,1,1,2
2020,56893,14,1,1,2
2019,57948,14,1,1,2
2021,1721,14,1,2,1
2020,1826,14,1,2,1
2019,1668,14,1,2,1
2021,1567,14,1,2,2
2020,1697,14,1,2,2
2019,1593,14,1,2,2
2021,245710,14,2,1,1
2020,247127,14,2,1,1
2019,248376,14,2,1,1
2021,241627,14,2,1,2
2020,242985,14,2,1,2
2019,244282,14,2,1,2
2021,8029,14,2,2,1
2020,8340,14,2,2,1
2019,8107,14,2,2,1
2021,9492,14,2,2,2
2020,9665,14,2,2,2
2019,8876,14,2,2,2
2021,65501,14,3,1,1
2020,64690,14,3,1,1
2019,63664,14,3,1,1
2021,87453,14,3,1,2
2020,86792,14,3,1,2
2019,86021,14,3,1,2
2021,483,14,3,2,1
2020,451,14,3,2,1
2019,390,14,3,2,1
2021,553,14,3,2,2
2020,533,14,3,2,2
2019,469,14,3,2,2
2021,69937,15,1,1,1
2020,71188,15,1,1,1
2019,72128,15,1,1,1
2021,65916,15,1,1,2
2020,66983,15,1,1,2
2019,67916,15,1,1,2
2021,2926,15,1,2,1
2020,2874,15,1,2,1
2019,2502,15,1,2,1
2021,2738,15,1,2,2
2020,2683,15,1,2,2
2019,2349,15,1,2,2
2021,327408,15,2,1,1
2020,328955,15,2,1,1
2019,330911,15,2,1,1
2021,333264,15,2,1,2
2020,335013,15,2,1,2
2019,337395,15,2,1,2
2021,16739,15,2,2,1
2020,16426,15,2,2,1
2019,14500,15,2,2,1
2021,18857,15,2,2,2
2020,18461,15,2,2,2
2019,16531,15,2,2,2
2021,118885,15,3,1,1
2020,117260,15,3,1,1
2019,115501,15,3,1,1
2021,160778,15,3,1,2
2020,159364,15,3,1,2
2019,157638,15,3,1,2
2021,1109,15,3,2,1
2020,1078,15,3,2,1
2019,928,15,3,2,1
2021,1577,15,3,2,2
2020,1530,15,3,2,2
2019,1297,15,3,2,2
2021,10857,16,1,1,1
2020,10996,16,1,1,1
2019,11236,16,1,1,1
2021,10481,16,1,1,2
2020,10658,16,1,1,2
2019,10956,16,1,1,2
2021,2156,16,1,2,1
2020,2140,16,1,2,1
2019,2058,16,1,2,1
2021,2119,16,1,2,2
2020,2071,16,1,2,2
2019,1981,16,1,2,2
2021,55942,16,2,1,1
2020,55917,16,2,1,1
2019,56430,16,2,1,1
2021,51596,16,2,1,2
2020,51410,16,2,1,2
2019,51754,16,2,1,2
2021,8935,16,2,2,1
2020,8867,16,2,2,1
2019,8203,16,2,2,1
2021,8532,16,2,2,2
2020,8511,16,2,2,2
2019,7872,16,2,2,2
2021,19987,16,3,1,1
2020,20286,16,3,1,1
2019,20433,16,3,1,1
2021,24326,16,3,1,2
2020,24741,16,3,1,2
2019,24949,16,3,1,2
2021,241,16,3,2,1
2020,224,16,3,2,1
2019,182,16,3,2,1
2021,344,16,3,2,2
2020,318,16,3,2,2
2019,275,16,3,2,2
2021,50212,20,1,1,1
2020,51302,20,1,1,1
2019,52413,20,1,1,1
2021,47546,20,1,1,2
2020,48607,20,1,1,2
2019,49541,20,1,1,2
2021,5062,20,1,2,1
2020,5127,20,1,2,1
2019,4822,20,1,2,1
2021,4690,20,1,2,2
2020,4726,20,1,2,2
2019,4390,20,1,2,2
2021,203882,20,2,1,1
2020,204684,20,2,1,1
2019,205401,20,2,1,1
2021,200437,20,2,1,2
2020,200937,20,2,1,2
2019,201907,20,2,1,2
2021,24570,20,2,2,1
2020,24000,20,2,2,1
2019,21967,20,2,2,1
2021,24617,20,2,2,2
2020,24520,20,2,2,2
2019,22471,20,2,2,2
2021,70110,20,3,1,1
2020,69219,20,3,1,1
2019,68054,20,3,1,1
2021,92868,20,3,1,2
2020,92087,20,3,1,2
2019,90965,20,3,1,2
2021,881,20,3,2,1
2020,798,20,3,2,1
2019,706,20,3,2,1
2021,1158,20,3,2,2
2020,1114,20,3,2,2
2019,939,20,3,2,2
2021,53471,17,1,1,1
2020,53828,17,1,1,1
2019,54248,17,1,1,1
2021,50482,17,1,1,2
2020,50953,17,1,1,2
2019,51376,17,1,1,2
2021,13802,17,1,2,1
2020,14334,17,1,2,1
2019,13971,17,1,2,1
2021,13105,17,1,2,2
2020,13514,17,1,2,2
2019,13168,17,1,2,2
2021,197933,17,2,1,1
2020,196297,17,2,1,1
2019,195944,17,2,1,1
2021,192809,17,2,1,2
2020,190821,17,2,1,2
2019,190175,17,2,1,2
2021,64181,17,2,2,1
2020,63955,17,2,2,1
2019,59832,17,2,2,1
2021,57456,17,2,2,2
2020,57646,17,2,2,2
2019,54906,17,2,2,2
2021,58981,17,3,1,1
2020,57653,17,3,1,1
2019,56410,17,3,1,1
2021,72890,17,3,1,2
2020,71801,17,3,1,2
2019,70583,17,3,1,2
2021,5401,17,3,2,1
2020,5116,17,3,2,1
2019,4893,17,3,2,1
2021,6085,17,3,2,2
2020,5870,17,3,2,2
2019,5538,17,3,2,2
2021,68986,18,1,1,1
2020,70402,18,1,1,1
2019,71218,18,1,1,1
2021,65314,18,1,1,2
2020,66405,18,1,1,2
2019,67243,18,1,1,2
2021,4705,18,1,2,1
2020,4640,18,1,2,1
2019,4280,18,1,2,1
2021,4524,18,1,2,2
2020,4383,18,1,2,2
2019,4016,18,1,2,2
2021,279104,18,2,1,1
2020,278728,18,2,1,1
2019,279046,18,2,1,1
2021,277717,18,2,1,2
2020,277335,18,2,1,2
2019,277519,18,2,1,2
2021,27404,18,2,2,1
2020,26360,18,2,2,1
2019,24732,18,2,2,1
2021,25281,18,2,2,2
2020,24384,18,2,2,2
2019,22594,18,2,2,2
2021,70787,18,3,1,1
2020,69771,18,3,1,1
2019,68599,18,3,1,1
2021,92056,18,3,1,2
2020,91372,18,3,1,2
2019,90084,18,3,1,2
2021,2697,18,3,2,1
2020,2694,18,3,2,1
2019,2680,18,3,2,1
2021,2763,18,3,2,2
2020,2694,18,3,2,2
2019,2667,18,3,2,2
2021,19872,19,1,1,1
2020,19939,19,1,1,1
2019,20148,19,1,1,1
2021,18879,19,1,1,2
2020,19001,19,1,1,2
2019,19231,19,1,1,2
2021,3443,19,1,2,1
2020,3398,19,1,2,1
2019,3151,19,1,2,1
2021,3148,19,1,2,2
2020,3092,19,1,2,2
2019,2909,19,1,2,2
2021,77272,19,2,1,1
2020,75941,19,2,1,1
2019,75205,19,2,1,1
2021,71877,19,2,1,2
2020,70600,19,2,1,2
2019,70015,19,2,1,2
2021,14326,19,2,2,1
2020,14086,19,2,2,1
2019,12995,19,2,2,1
2021,13974,19,2,2,2
2020,13698,19,2,2,2
2019,12739,19,2,2,2
2021,19183,19,3,1,1
2020,19006,19,3,1,1
2019,18616,19,3,1,1
2021,22259,19,3,1,2
2020,21999,19,3,1,2
2019,21681,19,3,1,2
2021,528,19,3,2,1
2020,469,19,3,2,1
2019,419,19,3,2,1
2021,827,19,3,2,2
2020,766,19,3,2,2
2019,653,19,3,2,2
2021,40100,21,1,1,1
2020,40738,21,1,1,1
2019,41364,21,1,1,1
2021,37778,21,1,1,2
2020,38263,21,1,1,2
2019,38791,21,1,1,2
2021,3376,21,1,2,1
2020,3348,21,1,2,1
2019,3145,21,1,2,1
2021,3036,21,1,2,2
2020,3061,21,1,2,2
2019,2876,21,1,2,2
2021,157874,21,2,1,1
2020,157764,21,2,1,1
2019,158091,21,2,1,1
2021,153436,21,2,1,2
2020,153541,21,2,1,2
2019,153620,21,2,1,2
2021,19197,21,2,2,1
2020,18557,21,2,2,1
2019,17489,21,2,2,1
2021,20809,21,2,2,2
2020,20653,21,2,2,2
2019,19664,21,2,2,2
2021,39046,21,3,1,1
2020,38161,21,3,1,1
2019,37463,21,3,1,1
2021,49297,21,3,1,2
2020,48431,21,3,1,2
2019,47703,21,3,1,2
2021,988,21,3,2,1
2020,928,21,3,2,1
2019,861,21,3,2,1
2021,898,21,3,2,2
2020,833,21,3,2,2
2019,803,21,3,2,2
2021,13906,22,1,1,1
2020,14036,22,1,1,1
2019,14118,22,1,1,1
2021,13365,22,1,1,2
2020,13550,22,1,1,2
2019,13659,22,1,1,2
2021,2527,22,1,2,1
2020,2475,22,1,2,1
2019,2214,22,1,2,1
2021,2187,22,1,2,2
2020,2111,22,1,2,2
2019,1947,22,1,2,2
2021,61843,22,2,1,1
2020,61476,22,2,1,1
2019,61867,22,2,1,1
2021,56913,22,2,1,2
2020,56638,22,2,1,2
2019,56932,22,2,1,2
2021,12502,22,2,2,1
2020,11895,22,2,2,1
2019,10611,22,2,2,1
2021,10725,22,2,2,2
2020,10550,22,2,2,2
2019,9615,22,2,2,2
2021,22436,22,3,1,1
2020,22248,22,3,1,1
2019,22098,22,3,1,1
2021,26977,22,3,1,2
2020,26914,22,3,1,2
2019,26711,22,3,1,2
2021,393,22,3,2,1
2020,349,22,3,2,1
2019,320,22,3,2,1
2021,490,22,3,2,2
2020,445,22,3,2,2
2019,369,22,3,2,2
2021,45957,23,1,1,1
2020,46775,23,1,1,1
2019,48148,23,1,1,1
2021,43570,23,1,1,2
2020,44371,23,1,1,2
2019,45724,23,1,1,2
2021,1246,23,1,2,1
2020,1187,23,1,2,1
2019,1105,23,1,2,1
2021,1144,23,1,2,2
2020,1109,23,1,2,2
2019,1080,23,1,2,2
2021,202720,23,2,1,1
2020,203969,23,2,1,1
2019,205221,23,2,1,1
2021,195671,23,2,1,2
2020,196708,23,2,1,2
2019,198108,23,2,1,2
2021,7305,23,2,2,1
2020,7188,23,2,2,1
2019,6811,23,2,2,1
2021,6362,23,2,2,2
2020,6178,23,2,2,2
2019,5695,23,2,2,2
2021,52681,23,3,1,1
2020,52876,23,3,1,1
2019,51736,23,3,1,1
2021,69691,23,3,1,2
2020,70269,23,3,1,2
2019,69255,23,3,1,2
2021,414,23,3,2,1
2020,369,23,3,2,1
2019,335,23,3,2,1
2021,429,23,3,2,2
2020,382,23,3,2,2
2019,346,23,3,2,2
2021,24361,24,1,1,1
2020,24920,24,1,1,1
2019,25452,24,1,1,1
2021,23011,24,1,1,2
2020,23546,24,1,1,2
2019,24195,24,1,1,2
2021,1472,24,1,2,1
2020,1540,24,1,2,1
2019,1426,24,1,2,1
2021,1350,24,1,2,2
2020,1388,24,1,2,2
2019,1310,24,1,2,2
2021,131790,24,2,1,1
2020,133505,24,2,1,1
2019,135742,24,2,1,1
2021,128735,24,2,1,2
2020,130098,24,2,1,2
2019,132010,24,2,1,2
2021,7783,24,2,2,1
2020,7831,24,2,2,1
2019,7469,24,2,2,1
2021,8479,24,2,2,2
2020,8503,24,2,2,2
2019,8010,24,2,2,2
2021,53623,24,3,1,1
2020,53632,24,3,1,1
2019,53261,24,3,1,1
2021,69955,24,3,1,2
2020,70393,24,3,1,2
2019,70232,24,3,1,2
2021,503,24,3,2,1
2020,476,24,3,2,1
2019,394,24,3,2,1
2021,644,24,3,2,2
2020,607,24,3,2,2
2019,500,24,3,2,2
2021,28030,25,1,1,1
2020,28437,25,1,1,1
2019,28783,25,1,1,1
2021,26824,25,1,1,2
2020,27246,25,1,1,2
2019,27569,25,1,1,2
2021,7536,25,1,2,1
2020,7428,25,1,2,1
2019,7067,25,1,2,1
2021,6948,25,1,2,2
2020,6810,25,1,2,2
2019,6464,25,1,2,2
2021,112903,25,2,1,1
2020,112990,25,2,1,1
2019,113309,25,2,1,1
2021,106731,25,2,1,2
2020,106669,25,2,1,2
2019,107028,25,2,1,2
2021,37523,25,2,2,1
2020,36665,25,2,2,1
2019,34510,25,2,2,1
2021,27396,25,2,2,2
2020,27110,25,2,2,2
2019,26048,25,2,2,2
2021,37246,25,3,1,1
2020,36992,25,3,1,1
2019,36525,25,3,1,1
2021,46601,25,3,1,2
2020,46350,25,3,1,2
2019,46074,25,3,1,2
2021,918,25,3,2,1
2020,811,25,3,2,1
2019,684,25,3,2,1
2021,1071,25,3,2,2
2020,1009,25,3,2,2
2019,869,25,3,2,2
2021,16550,27,1,1,1
2020,16811,27,1,1,1
2019,17022,27,1,1,1
2021,15987,27,1,1,2
2020,16158,27,1,1,2
2019,16504,27,1,1,2
2021,1188,27,1,2,1
2020,1188,27,1,2,1
2019,1046,27,1,2,1
2021,1187,27,1,2,2
2020,1183,27,1,2,2
2019,1095,27,1,2,2
2021,90821,27,2,1,1
2020,91988,27,2,1,1
2019,93522,27,2,1,1
2021,90412,27,2,1,2
2020,91331,27,2,1,2
2019,92561,27,2,1,2
2021,6740,27,2,2,1
2020,6600,27,2,2,1
2019,6073,27,2,2,1
2021,6629,27,2,2,2
2020,6468,27,2,2,2
2019,5760,27,2,2,2
2021,42259,27,3,1,1
2020,41937,27,3,1,1
2019,41749,27,3,1,1
2021,53471,27,3,1,2
2020,53568,27,3,1,2
2019,53645,27,3,1,2
2021,334,27,3,2,1
2020,318,27,3,2,1
2019,274,27,3,2,1
2021,435,27,3,2,2
2020,396,27,3,2,2
2019,336,27,3,2,2
2021,474314,28,1,1,1
2020,486075,28,1,1,1
2019,490790,28,1,1,1
2021,450470,28,1,1,2
2020,460860,28,1,1,2
2019,465776,28,1,1,2
2021,69960,28,1,2,1
2020,70360,28,1,2,1
2019,66003,28,1,2,1
2021,66546,28,1,2,2
2020,66970,28,1,2,2
2019,62715,28,1,2,2
2021,1816835,28,2,1,1
2020,1819532,28,2,1,1
2019,1802900,28,2,1,1
2021,1882170,28,2,1,2
2020,1887871,28,2,1,2
2019,1874951,28,2,1,2
2021,365625,28,2,2,1
2020,365376,28,2,2,1
2019,337049,28,2,2,1
2021,412235,28,2,2,2
2020,414106,28,2,2,2
2019,382171,28,2,2,2
2021,487169,28,3,1,1
2020,487396,28,3,1,1
2019,477538,28,3,1,1
2021,685171,28,3,1,2
2020,682440,28,3,1,2
2019,669620,28,3,1,2
2021,15797,28,3,2,1
2020,15054,28,3,2,1
2019,13032,28,3,2,1
2021,24959,28,3,2,2
2020,23848,28,3,2,2
2019,20849,28,3,2,2
2021,123113,29,1,1,1
2020,125153,29,1,1,1
2019,126511,29,1,1,1
2021,116610,29,1,1,2
2020,118457,29,1,1,2
2019,120099,29,1,1,2
2021,17393,29,1,2,1
2020,17817,29,1,2,1
2019,16675,29,1,2,1
2021,16519,29,1,2,2
2020,16807,29,1,2,2
2019,15696,29,1,2,2
2021,463676,29,2,1,1
2020,461337,29,2,1,1
2019,459456,29,2,1,1
2021,466559,29,2,1,2
2020,464026,29,2,1,2
2019,461876,29,2,1,2
2021,90555,29,2,2,1
2020,89334,29,2,2,1
2019,83671,29,2,2,1
2021,99045,29,2,2,2
2020,98001,29,2,2,2
2019,91250,29,2,2,2
2021,110561,29,3,1,1
2020,107671,29,3,1,1
2019,104967,29,3,1,1
2021,142131,29,3,1,2
2020,139070,29,3,1,2
2019,135723,29,3,1,2
2021,24678,29,3,2,1
2020,24138,29,3,2,1
2019,23069,29,3,2,1
2021,24811,29,3,2,2
2020,24109,29,3,2,2
2019,22792,29,3,2,2
2021,118916,30,1,1,1
2020,119696,30,1,1,1
2019,120792,30,1,1,1
2021,112152,30,1,1,2
2020,113104,30,1,1,2
2019,113863,30,1,1,2
2021,20462,30,1,2,1
2020,21183,30,1,2,1
2019,20754,30,1,2,1
2021,19106,30,1,2,2
2020,19789,30,1,2,2
2019,19343,30,1,2,2
2021,422552,30,2,1,1
2020,419811,30,2,1,1
2019,417277,30,2,1,1
2021,416001,30,2,1,2
2020,413394,30,2,1,2
2019,411070,30,2,1,2
2021,91635,30,2,2,1
2020,91323,30,2,2,1
2019,86403,30,2,2,1
2021,75351,30,2,2,2
2020,74984,30,2,2,2
2019,70993,30,2,2,2
2021,98785,30,3,1,1
2020,97138,30,3,1,1
2019,95419,30,3,1,1
2021,127756,30,3,1,2
2020,125891,30,3,1,2
2019,124238,30,3,1,2
2021,8012,30,3,2,1
2020,7548,30,3,2,1
2019,6970,30,3,2,1
2021,7758,30,3,2,2
2020,7390,30,3,2,2
2019,6776,30,3,2,2
2021,48073,31,1,1,1
2020,49000,31,1,1,1
2019,49598,31,1,1,1
2021,45784,31,1,1,2
2020,46557,31,1,1,2
2019,47212,31,1,1,2
2021,6609,31,1,2,1
2020,6530,31,1,2,1
2019,5860,31,1,2,1
2021,6326,31,1,2,2
2020,6175,31,1,2,2
2019,5596,31,1,2,2
2021,185854,31,2,1,1
2020,185754,31,2,1,1
2019,185837,31,2,1,1
2021,180944,31,2,1,2
2020,180976,31,2,1,2
2019,181003,31,2,1,2
2021,28431,31,2,2,1
2020,28174,31,2,2,1
2019,25721,31,2,2,1
2021,27575,31,2,2,2
2020,27384,31,2,2,2
2019,24996,31,2,2,2
2021,57493,31,3,1,1
2020,56823,31,3,1,1
2019,55790,31,3,1,1
2021,71948,31,3,1,2
2020,71421,31,3,1,2
2019,70555,31,3,1,2
2021,1005,31,3,2,1
2020,945,31,3,2,1
2019,825,31,3,2,1
2021,1495,31,3,2,2
2020,1458,31,3,2,2
2019,1221,31,3,2,2
2021,15483,32,1,1,1
2020,15616,32,1,1,1
2019,15912,32,1,1,1
2021,14520,32,1,1,2
2020,14728,32,1,1,2
2019,15031,32,1,1,2
2021,893,32,1,2,1
2020,915,32,1,2,1
2019,808,32,1,2,1
2021,909,32,1,2,2
2020,926,32,1,2,2
2019,806,32,1,2,2
2021,82085,32,2,1,1
2020,82742,32,2,1,1
2019,83723,32,2,1,1
2021,82030,32,2,1,2
2020,82578,32,2,1,2
2019,83439,32,2,1,2
2021,6056,32,2,2,1
2020,5899,32,2,2,1
2019,5431,32,2,2,1
2021,6780,32,2,2,2
2020,6565,32,2,2,2
2019,5957,32,2,2,2
2021,41321,32,3,1,1
2020,41292,32,3,1,1
2019,41100,32,3,1,1
2021,53727,32,3,1,2
2020,54061,32,3,1,2
2019,54275,32,3,1,2
2021,657,32,3,2,1
2020,614,32,3,2,1
2019,548,32,3,2,1
2021,762,32,3,2,2
2020,714,32,3,2,2
2019,621,32,3,2,2
2021,9054,34,1,1,1
2020,9190,34,1,1,1
2019,9313,34,1,1,1
2021,8565,34,1,1,2
2020,8691,34,1,1,2
2019,8824,34,1,1,2
2021,684,34,1,2,1
2020,668,34,1,2,1
2019,637,34,1,2,1
2021,582,34,1,2,2
2020,576,34,1,2,2
2019,544,34,1,2,2
2021,47648,34,2,1,1
2020,48424,34,2,1,1
2019,49271,34,2,1,1
2021,45232,34,2,1,2
2020,45775,34,2,1,2
2019,46324,34,2,1,2
2021,2798,34,2,2,1
2020,2742,34,2,2,1
2019,2497,34,2,2,1
2021,3008,34,2,2,2
2020,2947,34,2,2,2
2019,2736,34,2,2,2
2021,18547,34,3,1,1
2020,18328,34,3,1,1
2019,18001,34,3,1,1
2021,22750,34,3,1,2
2020,22747,34,3,1,2
2019,22635,34,3,1,2
2021,110,34,3,2,1
2020,105,34,3,2,1
2019,89,34,3,2,1
2021,145,34,3,2,2
2020,128,34,3,2,2
2019,109,34,3,2,2
2021,70933,35,1,1,1
2020,73519,35,1,1,1
2019,75372,35,1,1,1
2021,67356,35,1,1,2
2020,69908,35,1,1,2
2019,71684,35,1,1,2
2021,8373,35,1,2,1
2020,8631,35,1,2,1
2019,8237,35,1,2,1
2021,7850,35,1,2,2
2020,8107,35,1,2,2
2019,7596,35,1,2,2
2021,346141,35,2,1,1
2020,345855,35,2,1,1
2019,345185,35,2,1,1
2021,338691,35,2,1,2
2020,338171,35,2,1,2
2019,337078,35,2,1,2
2021,55196,35,2,2,1
2020,56518,35,2,2,1
2019,53292,35,2,2,1
2021,55903,35,2,2,2
2020,57378,35,2,2,2
2019,54195,35,2,2,2
2021,72359,35,3,1,1
2020,70125,35,3,1,1
2019,68092,35,3,1,1
2021,89161,35,3,1,2
2020,86766,35,3,1,2
2019,84435,35,3,1,2
2021,8279,35,3,2,1
2020,8046,35,3,2,1
2019,7596,35,3,2,1
2021,8297,35,3,2,2
2020,8041,35,3,2,2
2019,7644,35,3,2,2
2021,62554,36,1,1,1
2020,63861,36,1,1,1
2019,64843,36,1,1,1
2021,58437,36,1,1,2
2020,59559,36,1,1,2
2019,60598,36,1,1,2
2021,2239,36,1,2,1
2020,2254,36,1,2,1
2019,1983,36,1,2,1
2021,2214,36,1,2,2
2020,2249,36,1,2,2
2019,1951,36,1,2,2
2021,283575,36,2,1,1
2020,284400,36,2,1,1
2019,285445,36,2,1,1
2021,285567,36,2,1,2
2020,286751,36,2,1,2
2019,288237,36,2,1,2
2021,14751,36,2,2,1
2020,14646,36,2,2,1
2019,13405,36,2,2,1
2021,16113,36,2,2,2
2020,15996,36,2,2,2
2019,14331,36,2,2,2
2021,91569,36,3,1,1
2020,90078,36,3,1,1
2019,88510,36,3,1,1
2021,124555,36,3,1,2
2020,122959,36,3,1,2
2019,121026,36,3,1,2
2021,1222,36,3,2,1
2020,1213,36,3,2,1
2019,1100,36,3,2,1
2021,1479,36,3,2,2
2020,1442,36,3,2,2
2019,1236,36,3,2,2
2021,20868,26,1,1,1
2020,21255,26,1,1,1
2019,21517,26,1,1,1
2021,19687,26,1,1,2
2020,20162,26,1,1,2
2019,20443,26,1,1,2
2021,4088,26,1,2,1
2020,4014,26,1,2,1
2019,3757,26,1,2,1
2021,3801,26,1,2,2
2020,3695,26,1,2,2
2019,3431,26,1,2,2
2021,87004,26,2,1,1
2020,87204,26,2,1,1
2019,87288,26,2,1,1
2021,84910,26,2,1,2
2020,85079,26,2,1,2
2019,85174,26,2,1,2
2021,15688,26,2,2,1
2020,15436,26,2,2,1
2019,14230,26,2,2,1
2021,15914,26,2,2,2
2020,15748,26,2,2,2
2019,14709,26,2,2,2
2021,29641,26,3,1,1
2020,29433,26,3,1,1
2019,28957,26,3,1,1
2021,36795,26,3,1,2
2020,36571,26,3,1,2
2019,36189,26,3,1,2
2021,534,26,3,2,1
2020,493,26,3,2,1
2019,430,26,3,2,1
2021,866,26,3,2,2
2020,824,26,3,2,2
2019,673,26,3,2,2
2021,19175,37,1,1,1
2020,19531,37,1,1,1
2019,19952,37,1,1,1
2021,18017,37,1,1,2
2020,18446,37,1,1,2
2019,18782,37,1,1,2
2021,981,37,1,2,1
2020,984,37,1,2,1
2019,909,37,1,2,1
2021,1088,37,1,2,2
2020,1056,37,1,2,2
2019,949,37,1,2,2
2021,94346,37,2,1,1
2020,94954,37,2,1,1
2019,96188,37,2,1,1
2021,93439,37,2,1,2
2020,93834,37,2,1,2
2019,94798,37,2,1,2
2021,5807,37,2,2,1
2020,5675,37,2,2,1
2019,4977,37,2,2,1
2021,6669,37,2,2,2
2020,6468,37,2,2,2
2019,5827,37,2,2,2
2021,38255,37,3,1,1
2020,38478,37,3,1,1
2019,38065,37,3,1,1
2021,48837,37,3,1,2
2020,49109,37,3,1,2
2019,49047,37,3,1,2
2021,310,37,3,2,1
2020,307,37,3,2,1
2019,273,37,3,2,1
2021,414,37,3,2,2
2020,403,37,3,2,2
2019,352,37,3,2,2
2021,63933,38,1,1,1
2020,65611,38,1,1,1
2019,66718,38,1,1,1
2021,60617,38,1,1,2
2020,62298,38,1,1,2
2019,63293,38,1,1,2
2021,8270,38,1,2,1
2020,8587,38,1,2,1
2019,8387,38,1,2,1
2021,7880,38,1,2,2
2020,8258,38,1,2,2
2019,7986,38,1,2,2
2021,307283,38,2,1,1
2020,307166,38,2,1,1
2019,305903,38,2,1,1
2021,305648,38,2,1,2
2020,305179,38,2,1,2
2019,304078,38,2,1,2
2021,52369,38,2,2,1
2020,53491,38,2,2,1
2019,50746,38,2,2,1
2021,55242,38,2,2,2
2020,56153,38,2,2,2
2019,52960,38,2,2,2
2021,71284,38,3,1,1
2020,69281,38,3,1,1
2019,67350,38,3,1,1
2021,91712,38,3,1,2
2020,89531,38,3,1,2
2019,87167,38,3,1,2
2021,9760,38,3,2,1
2020,9355,38,3,2,1
2019,9093,38,3,2,1
2021,10407,38,3,2,2
2020,9977,38,3,2,2
2019,9302,38,3,2,2
2021,9134,40,1,1,1
2020,9180,40,1,1,1
2019,9365,40,1,1,1
2021,8681,40,1,1,2
2020,8708,40,1,1,2
2019,8795,40,1,1,2
2021,1693,40,1,2,1
2020,1746,40,1,2,1
2019,1666,40,1,2,1
2021,1595,40,1,2,2
2020,1631,40,1,2,2
2019,1578,40,1,2,2
2021,43716,40,2,1,1
2020,43541,40,2,1,1
2019,43835,40,2,1,1
2021,40104,40,2,1,2
2020,39784,40,2,1,2
2019,40081,40,2,1,2
2021,6846,40,2,2,1
2020,6839,40,2,2,1
2019,6385,40,2,2,1
2021,7261,40,2,2,2
2020,7170,40,2,2,2
2019,6729,40,2,2,2
2021,15425,40,3,1,1
2020,15484,40,3,1,1
2019,15363,40,3,1,1
2021,18581,40,3,1,2
2020,18816,40,3,1,2
2019,18826,40,3,1,2
2021,257,40,3,2,1
2020,243,40,3,2,1
2019,199,40,3,2,1
2021,370,40,3,2,2
2020,336,40,3,2,2
2019,307,40,3,2,2
2021,165644,41,1,1,1
2020,168975,41,1,1,1
2019,171561,41,1,1,1
2021,156142,41,1,1,2
2020,159568,41,1,1,2
2019,162100,41,1,1,2
2021,5323,41,1,2,1
2020,5397,41,1,2,1
2019,4855,41,1,2,1
2021,5177,41,1,2,2
2020,5264,41,1,2,2
2019,4736,41,1,2,2
2021,609628,41,2,1,1
2020,610721,41,2,1,1
2019,610696,41,2,1,1
2021,610730,41,2,1,2
2020,611500,41,2,1,2
2019,611468,41,2,1,2
2021,29313,41,2,2,1
2020,28753,41,2,2,1
2019,26052,41,2,2,1
2021,34223,41,2,2,2
2020,33535,41,2,2,2
2019,30308,41,2,2,2
2021,139710,41,3,1,1
2020,137422,41,3,1,1
2019,134760,41,3,1,1
2021,188472,41,3,1,2
2020,185746,41,3,1,2
2019,182917,41,3,1,2
2021,1465,41,3,2,1
2020,1427,41,3,2,1
2019,1288,41,3,2,1
2021,2025,41,3,2,2
2020,1911,41,3,2,2
2019,1648,41,3,2,2
2021,5096,42,1,1,1
2020,5172,42,1,1,1
2019,5212,42,1,1,1
2021,4791,42,1,1,2
2020,4877,42,1,1,2
2019,4999,42,1,1,2
2021,808,42,1,2,1
2020,755,42,1,2,1
2019,680,42,1,2,1
2021,767,42,1,2,2
2020,724,42,1,2,2
2019,672,42,1,2,2
2021,25008,42,2,1,1
2020,25112,42,2,1,1
2019,25370,42,2,1,1
2021,22895,42,2,1,2
2020,22933,42,2,1,2
2019,23062,42,2,1,2
2021,3658,42,2,2,1
2020,3427,42,2,2,1
2019,3135,42,2,2,1
2021,3283,42,2,2,2
2020,3149,42,2,2,2
2019,2759,42,2,2,2
2021,10247,42,3,1,1
2020,10373,42,3,1,1
2019,10335,42,3,1,1
2021,11953,42,3,1,2
2020,12146,42,3,1,2
2019,12220,42,3,1,2
2021,103,42,3,2,1
2020,88,42,3,2,1
2019,82,42,3,2,1
2021,138,42,3,2,2
2020,128,42,3,2,2
2019,110,42,3,2,2
2021,56970,43,1,1,1
2020,57689,43,1,1,1
2019,58183,43,1,1,1
2021,53276,43,1,1,2
2020,53973,43,1,1,2
2019,54461,43,1,1,2
2021,12254,43,1,2,1
2020,12450,43,1,2,1
2019,11879,43,1,2,1
2021,11808,43,1,2,2
2020,11799,43,1,2,2
2019,11349,43,1,2,2
2021,215246,43,2,1,1
2020,213433,43,2,1,1
2019,212518,43,2,1,1
2021,209209,43,2,1,2
2020,207450,43,2,1,2
2019,206995,43,2,1,2
2021,54885,43,2,2,1
2020,54707,43,2,2,1
2019,50390,43,2,2,1
2021,50084,43,2,2,2
2020,49851,43,2,2,2
2019,46955,43,2,2,2
2021,67304,43,3,1,1
2020,66098,43,3,1,1
2019,64911,43,3,1,1
2021,82819,43,3,1,2
2020,81336,43,3,1,2
2019,79828,43,3,1,2
2021,3997,43,3,2,1
2020,3765,43,3,2,1
2019,3377,43,3,2,1
2021,4457,43,3,2,2
2020,4221,43,3,2,2
2019,3818,43,3,2,2
2021,7921,44,1,1,1
2020,7966,44,1,1,1
2019,8064,44,1,1,1
2021,7608,44,1,1,2
2020,7628,44,1,1,2
2019,7705,44,1,1,2
2021,1503,44,1,2,1
2020,1473,44,1,2,1
2019,1397,44,1,2,1
2021,1483,44,1,2,2
2020,1433,44,1,2,2
2019,1377,44,1,2,2
2021,37885,44,2,1,1
2020,37786,44,2,1,1
2019,38046,44,2,1,1
2021,34312,44,2,1,2
2020,34320,44,2,1,2
2019,34531,44,2,1,2
2021,6153,44,2,2,1
2020,5948,44,2,2,1
2019,5580,44,2,2,1
2021,5619,44,2,2,2
2020,5474,44,2,2,2
2019,5120,44,2,2,2
2021,14610,44,3,1,1
2020,14614,44,3,1,1
2019,14679,44,3,1,1
2021,16970,44,3,1,2
2020,17106,44,3,1,2
2019,17267,44,3,1,2
2021,215,44,3,2,1
2020,188,44,3,2,1
2019,161,44,3,2,1
2021,266,44,3,2,2
2020,240,44,3,2,2
2019,210,44,3,2,2
2021,54801,45,1,1,1
2020,55229,45,1,1,1
2019,55482,45,1,1,1
2021,51450,45,1,1,2
2020,51833,45,1,1,2
2019,52258,45,1,1,2
2021,7106,45,1,2,1
2020,7064,45,1,2,1
2019,6474,45,1,2,1
2021,6909,45,1,2,2
2020,6941,45,1,2,2
2019,6358,45,1,2,2
2021,208828,45,2,1,1
2020,206365,45,2,1,1
2019,205858,45,2,1,1
2021,196950,45,2,1,2
2020,194436,45,2,1,2
2019,193650,45,2,1,2
2021,28317,45,2,2,1
2020,27905,45,2,2,1
2019,25329,45,2,2,1
2021,28052,45,2,2,2
2020,27657,45,2,2,2
2019,25059,45,2,2,2
2021,56369,45,3,1,1
2020,56065,45,3,1,1
2019,55165,45,3,1,1
2021,68005,45,3,1,2
2020,67877,45,3,1,2
2019,67205,45,3,1,2
2021,997,45,3,2,1
2020,920,45,3,2,1
2019,782,45,3,2,1
2021,1619,45,3,2,2
2020,1480,45,3,2,2
2019,1224,45,3,2,2
2021,179771,46,1,1,1
2020,183995,46,1,1,1
2019,186796,46,1,1,1
2021,170230,46,1,1,2
2020,174142,46,1,1,2
2019,177232,46,1,1,2
2021,23960,46,1,2,1
2020,24119,46,1,2,1
2019,22277,46,1,2,1
2021,21891,46,1,2,2
2020,22057,46,1,2,2
2019,20301,46,1,2,2
2021,735588,46,2,1,1
2020,736065,46,2,1,1
2019,735690,46,2,1,1
2021,728512,46,2,1,2
2020,729128,46,2,1,2
2019,728886,46,2,1,2
2021,113864,46,2,2,1
2020,113872,46,2,2,1
2019,104223,46,2,2,1
2021,113251,46,2,2,2
2020,113059,46,2,2,2
2019,103610,46,2,2,2
2021,207496,46,3,1,1
2020,204465,46,3,1,1
2019,201263,46,3,1,1
2021,278667,46,3,1,2
2020,275559,46,3,1,2
2019,271409,46,3,1,2
2021,7282,46,3,2,1
2020,6950,46,3,2,1
2019,6101,46,3,2,1
2021,8800,46,3,2,2
2020,8464,46,3,2,2
2019,7336,46,3,2,2
2021,34084,47,1,1,1
2020,34841,47,1,1,1
2019,35525,47,1,1,1
2021,32417,47,1,1,2
2020,33085,47,1,1,2
2019,33721,47,1,1,2
2021,2424,47,1,2,1
2020,2309,47,1,2,1
2019,2141,47,1,2,1
2021,2379,47,1,2,2
2020,2271,47,1,2,2
2019,2034,47,1,2,2
2021,151311,47,2,1,1
2020,152421,47,2,1,1
2019,153472,47,2,1,1
2021,151343,47,2,1,2
2020,152535,47,2,1,2
2019,153661,47,2,1,2
2021,11158,47,2,2,1
2020,10644,47,2,2,1
2019,9710,47,2,2,1
2021,11835,47,2,2,2
2020,11137,47,2,2,2
2019,10098,47,2,2,2
2021,53412,47,3,1,1
2020,52915,47,3,1,1
2019,52018,47,3,1,1
2021,67934,47,3,1,2
2020,67530,47,3,1,2
2019,66366,47,3,1,2
2021,454,47,3,2,1
2020,410,47,3,2,1
2019,350,47,3,2,1
2021,610,47,3,2,2
2020,551,47,3,2,2
2019,450,47,3,2,2
2021,8129,49,1,1,1
2020,8285,49,1,1,1
2019,8461,49,1,1,1
2021,7583,49,1,1,2
2020,7806,49,1,1,2
2019,8036,49,1,1,2
2021,529,49,1,2,1
2020,515,49,1,2,1
2019,478,49,1,2,1
2021,428,49,1,2,2
2020,442,49,1,2,2
2019,410,49,1,2,2
2021,48849,49,2,1,1
2020,49542,49,2,1,1
2019,50453,49,2,1,1
2021,45638,49,2,1,2
2020,46147,49,2,1,2
2019,46896,49,2,1,2
2021,2305,49,2,2,1
2020,2242,49,2,2,1
2019,2192,49,2,2,1
2021,2610,49,2,2,2
2020,2559,49,2,2,2
2019,2409,49,2,2,2
2021,23583,49,3,1,1
2020,23640,49,3,1,1
2019,23629,49,3,1,1
2021,28697,49,3,1,2
2020,29071,49,3,1,2
2019,29282,49,3,1,2
2021,156,49,3,2,1
2020,145,49,3,2,1
2019,128,49,3,2,1
2021,218,49,3,2,2
2020,194,49,3,2,2
2019,165,49,3,2,2
2021,63663,50,1,1,1
2020,64843,50,1,1,1
2019,65802,50,1,1,1
2021,59890,50,1,1,2
2020,61114,50,1,1,2
2019,62064,50,1,1,2
2021,10222,50,1,2,1
2020,10280,50,1,2,1
2019,9681,50,1,2,1
2021,9663,50,1,2,2
2020,9718,50,1,2,2
2019,9112,50,1,2,2
2021,262950,50,2,1,1
2020,264195,50,2,1,1
2019,264922,50,2,1,1
2021,259156,50,2,1,2
2020,259882,50,2,1,2
2019,260723,50,2,1,2
2021,47799,50,2,2,1
2020,48081,50,2,2,1
2019,44157,50,2,2,1
2021,46863,50,2,2,2
2020,47857,50,2,2,2
2019,44447,50,2,2,2
2021,87204,50,3,1,1
2020,86793,50,3,1,1
2019,85803,50,3,1,1
2021,116303,50,3,1,2
2020,116234,50,3,1,2
2019,115001,50,3,1,2
2021,1516,50,3,2,1
2020,1410,50,3,2,1
2019,1174,50,3,2,1
2021,2223,50,3,2,2
2020,2121,50,3,2,2
2019,1807,50,3,2,2
2021,8428,51,1,1,1
2020,8762,51,1,1,1
2019,8974,51,1,1,1
2021,8152,51,1,1,2
2020,8445,51,1,1,2
2019,8614,51,1,1,2
2021,381,51,1,2,1
2020,442,51,1,2,1
2019,510,51,1,2,1
2021,346,51,1,2,2
2020,395,51,1,2,2
2019,446,51,1,2,2
2021,26687,51,2,1,1
2020,26585,51,2,1,1
2019,26807,51,2,1,1
2021,24886,51,2,1,2
2020,24883,51,2,1,2
2019,24972,51,2,1,2
2021,2066,51,2,2,1
2020,2222,51,2,2,1
2019,2216,51,2,2,1
2021,2259,51,2,2,2
2020,2324,51,2,2,2
2019,2309,51,2,2,2
2021,4494,51,3,1,1
2020,4373,51,3,1,1
2019,4247,51,3,1,1
2021,5503,51,3,1,2
2020,5449,51,3,1,2
2019,5371,51,3,1,2
2021,152,51,3,2,1
2020,158,51,3,2,1
2019,158,51,3,2,1
2021,163,51,3,2,2
2020,164,51,3,2,2
2019,153,51,3,2,2
2021,9033,52,1,1,1
2020,9090,52,1,1,1
2019,9100,52,1,1,1
2021,8666,52,1,1,2
2020,8716,52,1,1,2
2019,8702,52,1,1,2
2021,1405,52,1,2,1
2020,1628,52,1,2,1
2019,1656,52,1,2,1
2021,1291,52,1,2,2
2020,1464,52,1,2,2
2019,1468,52,1,2,2
2021,24646,52,2,1,1
2020,24775,52,2,1,1
2019,24709,52,2,1,1
2021,22897,52,2,1,2
2020,22859,52,2,1,2
2019,22699,52,2,1,2
2021,4323,52,2,2,1
2020,4553,52,2,2,1
2019,4497,52,2,2,1
2021,4682,52,2,2,2
2020,4785,52,2,2,2
2019,4780,52,2,2,2
2021,3775,52,3,1,1
2020,3669,52,3,1,1
2019,3510,52,3,1,1
2021,4633,52,3,1,2
2020,4604,52,3,1,2
2019,4501,52,3,1,2
2021,421,52,3,2,1
2020,447,52,3,2,1
2019,422,52,3,2,1
2021,489,52,3,2,2
2020,486,52,3,2,2
2019,443,52,3,2,2
